http://www.wsjsw.gov.cn/wsj/n429/n426/u1ai89828.html,201101
http://www.wsjsw.gov.cn/wsj/n429/n426/u1ai89824.html,201102
http://www.wsjsw.gov.cn/wsj/n429/n426/u1ai89820.html,201103
http://www.wsjsw.gov.cn/wsj/n429/n426/u1ai89822.html,201104
http://www.wsjsw.gov.cn/wsj/n429/n426/u1ai89823.html,201105
http://www.wsjsw.gov.cn/wsj/n429/n426/u1ai89821.html,201106
http://www.wsjsw.gov.cn/wsj/n429/n426/u1ai89819.html,201107
http://www.wsjsw.gov.cn/wsj/n429/n426/u1ai89884.html,201108
http://www.wsjsw.gov.cn/wsj/n429/n426/u1ai89818.html,201109
http://www.wsjsw.gov.cn/wsj/n429/n426/u1ai89906.html,201110
http://www.wsjsw.gov.cn/wsj/n429/n426/u1ai89830.html,201111
http://www.wsjsw.gov.cn/wsj/n429/n426/u1ai89907.html,201112
http://www.wsjsw.gov.cn/wsj/n429/n426/u1ai89910.html,201201
http://www.wsjsw.gov.cn/wsj/n429/n426/u1ai89902.html,201202
http://www.wsjsw.gov.cn/wsj/n429/n426/u1ai89899.html,201203
http://www.wsjsw.gov.cn/wsj/n429/n426/u1ai138055.html,201204
http://www.wsjsw.gov.cn/wsj/n429/n426/u1ai89899.html,201205
http://www.wsjsw.gov.cn/wsj/n429/n426/u1ai89903.html,201206
http://www.wsjsw.gov.cn/wsj/n429/n426/u1ai89904.html,201207
http://www.wsjsw.gov.cn/wsj/n429/n426/u1ai89901.html,201208
http://www.wsjsw.gov.cn/wsj/n429/n426/u1ai89909.html,201209
http://www.wsjsw.gov.cn/wsj/n429/n426/u1ai89817.html,201210
http://www.wsjsw.gov.cn/wsj/n429/n426/u1ai89900.html,201211
http://www.wsjsw.gov.cn/wsj/n429/n426/u1ai89816.html,201212
http://www.wsjsw.gov.cn/wsj/n429/n426/u1ai89898.html,201301
http://www.wsjsw.gov.cn/wsj/n429/n426/u1ai89815.html,201302
http://www.wsjsw.gov.cn/wsj/n429/n426/u1ai89905.html,201303
http://www.wsjsw.gov.cn/wsj/n429/n426/u1ai89814.html,201304
http://www.wsjsw.gov.cn/wsj/n429/n426/u1ai89897.html,201305
http://www.wsjsw.gov.cn/wsj/n429/n426/u1ai89895.html,201306
http://www.wsjsw.gov.cn/wsj/n429/n426/u1ai89813.html,201307
http://www.wsjsw.gov.cn/wsj/n429/n426/u1ai130963.html,201308
http://www.wsjsw.gov.cn/wsj/n429/n426/u1ai130962.html,201309
http://www.wsjsw.gov.cn/wsj/n429/n426/u1ai131049.html,201310
http://www.wsjsw.gov.cn/wsj/n429/n426/u1ai132308.html,201311
http://www.wsjsw.gov.cn/wsj/n429/n426/u1ai132469.html,201312
http://www.wsjsw.gov.cn/wsj/n429/n426/u1ai132597.html,201401
http://www.wsjsw.gov.cn/wsj/n429/n426/u1ai132714.html,201402
http://www.wsjsw.gov.cn/wsj/n429/n426/u1ai132889.html,201403
http://www.wsjsw.gov.cn/wsj/n429/n426/u1ai134096.html,201404
http://www.wsjsw.gov.cn/wsj/n429/n426/u1ai134140.html,201405
http://www.wsjsw.gov.cn/wsj/n429/n426/u1ai134346.html,201406
http://www.wsjsw.gov.cn/wsj/n429/n426/u1ai134540.html,201407
http://www.wsjsw.gov.cn/wsj/n429/n426/u1ai134539.html,201408
http://www.wsjsw.gov.cn/wsj/n429/n426/u1ai134588.html,201409
http://www.wsjsw.gov.cn/wsj/n429/n426/u1ai134703.html,201410
http://www.wsjsw.gov.cn/wsj/n429/n426/u1ai135036.html,201411
http://www.wsjsw.gov.cn/wsj/n429/n426/u1ai135216.html,201412
http://www.wsjsw.gov.cn/wsj/n429/n426/u1ai135308.html,201501
http://www.wsjsw.gov.cn/wsj/n429/n426/u1ai135479.html,201502
http://www.wsjsw.gov.cn/wsj/n429/n426/u1ai135687.html,201503
http://www.wsjsw.gov.cn/wsj/n429/n426/u1ai135822.html,201504
http://www.wsjsw.gov.cn/wsj/n429/n426/u1ai135955.html,201505
http://www.wsjsw.gov.cn/wsj/n429/n426/u1ai136064.html,201506
http://www.wsjsw.gov.cn/wsj/n429/n426/u1ai136132.html,201507
http://www.wsjsw.gov.cn/wsj/n429/n426/u1ai136365.html,201508
http://www.wsjsw.gov.cn/wsj/n429/n426/u1ai136466.html,201509
http://www.wsjsw.gov.cn/wsj/n429/n426/u1ai136572.html,201510
http://www.wsjsw.gov.cn/wsj/n429/n426/u1ai136761.html,201511
http://www.wsjsw.gov.cn/wsj/n429/n426/u1ai136852.html,201512
http://www.wsjsw.gov.cn/wsj/n429/n426/u1ai137021.html,201601
http://www.wsjsw.gov.cn/wsj/n429/n426/u1ai137175.html,201602
http://www.wsjsw.gov.cn/wsj/n429/n426/u1ai137528.html,201603
http://www.wsjsw.gov.cn/wsj/n429/n426/u1ai137953.html,201604
http://www.wsjsw.gov.cn/wsj/n429/n426/u1ai137996.html,201605
http://www.wsjsw.gov.cn/wsj/n429/n426/u1ai138055.html,201606
http://www.wsjsw.gov.cn/wsj/n429/n426/u1ai138392.html,201607
http://www.wsjsw.gov.cn/wsj/n429/n426/u1ai138552.html,201608
http://www.wsjsw.gov.cn/wsj/n429/n426/u1ai138675.html,201609
